Unit,Unit Name,Topic,Molecule,Category,Source,Identifier,Fetch URL,View Page,Render Tier,Priority,ID Confidence,Teaching Note,CID,Has 3D,Stereo
1,Chemistry of Life,Water & inorganics,Water,Inorganic,PubChem,water,https://pubchem.ncbi.nlm.nih.gov/rest/pug/compound/name/water/record/SDF/?record_type=3d,PubChem: water,Ball-and-stick,Core,Verified · H2O,"Polarity, H-bonding. Show partial charges.",962,yes,pinned (achiral)
1,Chemistry of Life,Water & inorganics,Water cluster (H-bonded),Inorganic,Model,"5 x water, H-bonds drawn",-- build in app --,-- build in app --,Built in-app,Core,n/a,"Cohesion, surface tension, high specific heat.",,,
1,Chemistry of Life,Water & inorganics,Ice lattice,Inorganic,Model,Hexagonal Ih unit cell,-- build in app --,-- build in app --,Built in-app,Standard,n/a,Why ice floats: lattice is less dense than liquid.,,,
1,Chemistry of Life,Water & inorganics,Hydronium ion,Inorganic,PubChem,hydronium,https://pubchem.ncbi.nlm.nih.gov/rest/pug/compound/name/hydronium/record/SDF/?record_type=3d,PubChem: hydronium,Ball-and-stick,Standard,Verified · H3O+,pH / acid-base pairing with hydroxide.,123332,yes,pinned (achiral)
1,Chemistry of Life,Water & inorganics,Hydroxide ion,Inorganic,PubChem,hydroxide,https://pubchem.ncbi.nlm.nih.gov/rest/pug/compound/name/hydroxide/record/SDF/?record_type=3d,PubChem: hydroxide,Ball-and-stick,Standard,Verified · HO-,Pair with hydronium for the pH lesson.,961,yes,pinned (achiral)
1,Chemistry of Life,Water & inorganics,Carbon dioxide,Inorganic,PubChem,carbon dioxide,https://pubchem.ncbi.nlm.nih.gov/rest/pug/compound/name/carbon%20dioxide/record/SDF/?record_type=3d,PubChem: carbon dioxide,Ball-and-stick,Core,Verified · CO2,Nonpolar despite polar bonds - contrast with water.,280,yes,pinned (achiral)
1,Chemistry of Life,Water & inorganics,Oxygen (O2),Inorganic,PubChem,oxygen,https://pubchem.ncbi.nlm.nih.gov/rest/pug/compound/name/oxygen/record/SDF/?record_type=3d,PubChem: oxygen,Ball-and-stick,Core,Verified · O2,"Product of photosynthesis, substrate of respiration.",977,yes,pinned (achiral)
1,Chemistry of Life,Water & inorganics,Nitrogen (N2),Inorganic,PubChem,nitrogen,https://pubchem.ncbi.nlm.nih.gov/rest/pug/compound/name/nitrogen/record/SDF/?record_type=3d,PubChem: nitrogen,Ball-and-stick,Standard,Verified · N2,Triple bond - why nitrogen fixation is expensive.,947,yes,pinned (achiral)
1,Chemistry of Life,Water & inorganics,Methane,Inorganic,PubChem,methane,https://pubchem.ncbi.nlm.nih.gov/rest/pug/compound/name/methane/record/SDF/?record_type=3d,PubChem: methane,Ball-and-stick,Standard,Verified · CH4,"Tetrahedral carbon, nonpolar covalent.",297,yes,pinned (achiral)
1,Chemistry of Life,Water & inorganics,Ammonia,Inorganic,PubChem,ammonia,https://pubchem.ncbi.nlm.nih.gov/rest/pug/compound/name/ammonia/record/SDF/?record_type=3d,PubChem: ammonia,Ball-and-stick,Standard,Verified · H3N,"Lone pair, base, nitrogen cycle link.",222,yes,pinned (achiral)
1,Chemistry of Life,Water & inorganics,Hydrogen sulfide,Inorganic,PubChem,hydrogen sulfide,https://pubchem.ncbi.nlm.nih.gov/rest/pug/compound/name/hydrogen%20sulfide/record/SDF/?record_type=3d,PubChem: hydrogen sulfide,Ball-and-stick,Extended,Verified · H2S,Chemosynthesis; contrast bent geometry with water.,402,yes,pinned (achiral)
1,Chemistry of Life,Water & inorganics,Sodium chloride lattice,Inorganic,PubChem,sodium chloride,https://pubchem.ncbi.nlm.nih.gov/rest/pug/compound/name/sodium%20chloride/record/SDF/?record_type=3d,PubChem: sodium chloride,Ball-and-stick,Standard,Verified (no 3D) · ClNa,Ionic bonding vs covalent; hydration shells.,5234,no,pinned (achiral)
1,Chemistry of Life,Carbohydrates,alpha-D-glucose,Carbohydrate,PubChem,alpha-D-glucose,https://pubchem.ncbi.nlm.nih.gov/rest/pug/compound/name/alpha-D-glucose/record/SDF/?record_type=3d,PubChem: alpha-D-glucose,Ball-and-stick,Core,Verified · C6H12O6,OH below C1. Starch/glycogen monomer.,79025,yes,pinned (5)
1,Chemistry of Life,Carbohydrates,beta-D-glucose,Carbohydrate,PubChem,beta-D-glucose,https://pubchem.ncbi.nlm.nih.gov/rest/pug/compound/name/beta-D-glucose/record/SDF/?record_type=3d,PubChem: beta-D-glucose,Ball-and-stick,Core,Verified · C6H12O6,OH above C1. Cellulose monomer - side by side with alpha.,64689,yes,pinned (5)
1,Chemistry of Life,Carbohydrates,D-glucose (open chain),Carbohydrate,PubChem,D-glucose,https://pubchem.ncbi.nlm.nih.gov/rest/pug/compound/name/D-glucose/record/SDF/?record_type=3d,PubChem: D-glucose,Ball-and-stick,Core,Verified · C6H12O6,Linear aldose form; show ring-opening animation.,5793,yes,1 UNDEFINED
1,Chemistry of Life,Carbohydrates,D-fructose,Carbohydrate,PubChem,D-fructose,https://pubchem.ncbi.nlm.nih.gov/rest/pug/compound/name/D-fructose/record/SDF/?record_type=3d,PubChem: D-fructose,Ball-and-stick,Standard,Verified · C6H12O6,Ketose isomer of glucose - structural isomerism.,2723872,yes,1 UNDEFINED
1,Chemistry of Life,Carbohydrates,D-galactose,Carbohydrate,PubChem,D-galactose,https://pubchem.ncbi.nlm.nih.gov/rest/pug/compound/name/D-galactose/record/SDF/?record_type=3d,PubChem: D-galactose,Ball-and-stick,Standard,Verified · C6H12O6,Epimer of glucose; one -OH flipped.,6036,yes,1 UNDEFINED
1,Chemistry of Life,Carbohydrates,D-ribose,Carbohydrate,PubChem,D-ribose,https://pubchem.ncbi.nlm.nih.gov/rest/pug/compound/name/D-ribose/record/SDF/?record_type=3d,PubChem: D-ribose,Ball-and-stick,Core,Verified · C5H10O5,RNA sugar. Compare 2'-OH with deoxyribose.,10975657,yes,1 UNDEFINED
1,Chemistry of Life,Carbohydrates,2-Deoxy-D-ribose,Carbohydrate,PubChem,2-deoxy-D-ribose,https://pubchem.ncbi.nlm.nih.gov/rest/pug/compound/name/2-deoxy-D-ribose/record/SDF/?record_type=3d,PubChem: 2-deoxy-D-ribose,Ball-and-stick,Core,Verified · C5H10O4,DNA sugar. The missing 2'-OH is the whole lesson.,5460005,yes,pinned (2)
1,Chemistry of Life,Carbohydrates,Sucrose,Carbohydrate,PubChem,sucrose,https://pubchem.ncbi.nlm.nih.gov/rest/pug/compound/name/sucrose/record/SDF/?record_type=3d,PubChem: sucrose,Ball-and-stick,Core,Verified · C12H22O11,Glucose + fructose; phloem transport sugar.,5988,yes,pinned (9)
1,Chemistry of Life,Carbohydrates,Lactose,Carbohydrate,PubChem,lactose,https://pubchem.ncbi.nlm.nih.gov/rest/pug/compound/name/lactose/record/SDF/?record_type=3d,PubChem: lactose,Ball-and-stick,Standard,Verified · C12H22O11,Galactose + glucose; lactase / lactose intolerance.,6134,yes,pinned (10)
1,Chemistry of Life,Carbohydrates,Maltose,Carbohydrate,PubChem,maltose,https://pubchem.ncbi.nlm.nih.gov/rest/pug/compound/name/maltose/record/SDF/?record_type=3d,PubChem: maltose,Ball-and-stick,Standard,Verified · C12H22O11,Classic dehydration synthesis product.,439186,yes,1 UNDEFINED
1,Chemistry of Life,Carbohydrates,Cellobiose,Carbohydrate,PubChem,cellobiose,https://pubchem.ncbi.nlm.nih.gov/rest/pug/compound/name/cellobiose/record/SDF/?record_type=3d,PubChem: cellobiose,Ball-and-stick,Extended,Verified · C12H22O11,"beta-1,4 repeat unit of cellulose.",439178,yes,1 UNDEFINED
1,Chemistry of Life,Carbohydrates,Amylose segment,Carbohydrate,PubChem,amylose,https://pubchem.ncbi.nlm.nih.gov/rest/pug/compound/name/amylose/record/SDF/?record_type=3d,PubChem: amylose,Ball-and-stick,Standard,Not found,"alpha-1,4 helix - energy storage.",,,
1,Chemistry of Life,Carbohydrates,Glycogen branch point,Carbohydrate,Model,"alpha-1,6 branched oligomer",-- build in app --,-- build in app --,Built in-app,Standard,n/a,Branching = more free ends = faster mobilization.,,,
1,Chemistry of Life,Carbohydrates,Cellulose microfibril,Carbohydrate,Model,"Parallel beta-1,4 chains",-- build in app --,-- build in app --,Built in-app,Core,n/a,"H-bonded sheets - structural strength, indigestible.",,,
1,Chemistry of Life,Carbohydrates,N-Acetylglucosamine,Carbohydrate,PubChem,N-acetylglucosamine,https://pubchem.ncbi.nlm.nih.gov/rest/pug/compound/name/N-acetylglucosamine/record/SDF/?record_type=3d,PubChem: N-acetylglucosamine,Ball-and-stick,Extended,Verified · C8H15NO6,Chitin and peptidoglycan monomer.,1738118,yes,pinned (4)
1,Chemistry of Life,Lipids,Palmitic acid,Lipid,PubChem,palmitic acid,https://pubchem.ncbi.nlm.nih.gov/rest/pug/compound/name/palmitic%20acid/record/SDF/?record_type=3d,PubChem: palmitic acid,Ball-and-stick,Core,Verified · C16H32O2,"Saturated - straight tail, packs tightly, solid.",985,yes,pinned (achiral)
1,Chemistry of Life,Lipids,Stearic acid,Lipid,PubChem,stearic acid,https://pubchem.ncbi.nlm.nih.gov/rest/pug/compound/name/stearic%20acid/record/SDF/?record_type=3d,PubChem: stearic acid,Ball-and-stick,Extended,Verified (no 3D) · C18H36O2,Longer saturated chain.,5281,no,pinned (achiral)
1,Chemistry of Life,Lipids,Oleic acid,Lipid,PubChem,oleic acid,https://pubchem.ncbi.nlm.nih.gov/rest/pug/compound/name/oleic%20acid/record/SDF/?record_type=3d,PubChem: oleic acid,Ball-and-stick,Core,Verified · C18H34O2,cis double bond puts a kink in the tail - liquid.,445639,yes,pinned (achiral)
1,Chemistry of Life,Lipids,Elaidic acid,Lipid,PubChem,elaidic acid,https://pubchem.ncbi.nlm.nih.gov/rest/pug/compound/name/elaidic%20acid/record/SDF/?record_type=3d,PubChem: elaidic acid,Ball-and-stick,Standard,Verified · C18H34O2,trans fat - straight despite the double bond.,637517,yes,pinned (achiral)
1,Chemistry of Life,Lipids,Linoleic acid,Lipid,PubChem,linoleic acid,https://pubchem.ncbi.nlm.nih.gov/rest/pug/compound/name/linoleic%20acid/record/SDF/?record_type=3d,PubChem: linoleic acid,Ball-and-stick,Extended,Verified · C18H32O2,Polyunsaturated; two kinks.,5280450,yes,pinned (achiral)
1,Chemistry of Life,Lipids,Glycerol,Lipid,PubChem,glycerol,https://pubchem.ncbi.nlm.nih.gov/rest/pug/compound/name/glycerol/record/SDF/?record_type=3d,PubChem: glycerol,Ball-and-stick,Core,Verified · C3H8O3,Three-carbon backbone with 3 -OH groups.,753,yes,pinned (achiral)
1,Chemistry of Life,Lipids,Triglyceride (tristearin),Lipid,PubChem,tristearin,https://pubchem.ncbi.nlm.nih.gov/rest/pug/compound/name/tristearin/record/SDF/?record_type=3d,PubChem: tristearin,Ball-and-stick,Core,Verified (no 3D) · C57H110O6,Three ester bonds from three dehydration reactions.,11146,no,pinned (achiral)
1,Chemistry of Life,Lipids,Phospholipid (POPC),Lipid,PubChem,1-palmitoyl-2-oleoyl-sn-glycero-3-phosphocholine,https://pubchem.ncbi.nlm.nih.gov/rest/pug/compound/name/1-palmitoyl-2-oleoyl-sn-glycero-3-phosphocholine/record/SDF/?record_type=3d,PubChem: 1-palmitoyl-2-oleoyl-sn-glycero-3-phosphocholine,Ball-and-stick,Core,Ambiguous,"Amphipathic: polar head, one saturated + one kinked tail.",,,
1,Chemistry of Life,Lipids,Phospholipid bilayer patch,Lipid,Model,"~64 POPC, 2 leaflets, water",-- build in app --,-- build in app --,Built in-app,Core,n/a,Self-assembly from amphipathy. Reuse in Unit 2.,,,
1,Chemistry of Life,Lipids,Cholesterol,Lipid,PubChem,cholesterol,https://pubchem.ncbi.nlm.nih.gov/rest/pug/compound/name/cholesterol/record/SDF/?record_type=3d,PubChem: cholesterol,Ball-and-stick,Core,Verified · C27H46O,Four fused rings; membrane fluidity buffer.,5997,yes,pinned (8)
1,Chemistry of Life,Lipids,Testosterone,Lipid,PubChem,testosterone,https://pubchem.ncbi.nlm.nih.gov/rest/pug/compound/name/testosterone/record/SDF/?record_type=3d,PubChem: testosterone,Ball-and-stick,Standard,Verified · C19H28O2,Steroid; contrast tiny R-group change with estradiol.,6013,yes,pinned (6)
1,Chemistry of Life,Lipids,Estradiol,Lipid,PubChem,estradiol,https://pubchem.ncbi.nlm.nih.gov/rest/pug/compound/name/estradiol/record/SDF/?record_type=3d,PubChem: estradiol,Ball-and-stick,Standard,Verified · C18H24O2,"Aromatic A ring - small change, different receptor.",5757,yes,pinned (5)
1,Chemistry of Life,Lipids,Cortisol,Lipid,PubChem,cortisol,https://pubchem.ncbi.nlm.nih.gov/rest/pug/compound/name/cortisol/record/SDF/?record_type=3d,PubChem: cortisol,Ball-and-stick,Extended,Verified · C21H30O5,Steroid signaling; crosses the membrane.,5754,yes,pinned (7)
1,Chemistry of Life,Lipids,Progesterone,Lipid,PubChem,progesterone,https://pubchem.ncbi.nlm.nih.gov/rest/pug/compound/name/progesterone/record/SDF/?record_type=3d,PubChem: progesterone,Ball-and-stick,Extended,Verified · C21H30O2,Steroid hormone family member.,5994,yes,pinned (6)
1,Chemistry of Life,Proteins,Glycine,Amino acid,PubChem,glycine,https://pubchem.ncbi.nlm.nih.gov/rest/pug/compound/name/glycine/record/SDF/?record_type=3d,PubChem: glycine,Ball-and-stick,Core,Verified · C2H5NO2,Nonpolar. Simplest R-group (H); no chirality.,750,yes,pinned (achiral)
1,Chemistry of Life,Proteins,L-Alanine,Amino acid,PubChem,L-alanine,https://pubchem.ncbi.nlm.nih.gov/rest/pug/compound/name/L-alanine/record/SDF/?record_type=3d,PubChem: L-alanine,Ball-and-stick,Core,Verified · C3H7NO2,"Nonpolar, methyl R-group.",5950,yes,pinned (1)
1,Chemistry of Life,Proteins,L-Valine,Amino acid,PubChem,L-valine,https://pubchem.ncbi.nlm.nih.gov/rest/pug/compound/name/L-valine/record/SDF/?record_type=3d,PubChem: L-valine,Ball-and-stick,Core,Verified · C5H11NO2,Nonpolar. The residue that causes sickle cell.,6287,yes,pinned (1)
1,Chemistry of Life,Proteins,L-Leucine,Amino acid,PubChem,L-leucine,https://pubchem.ncbi.nlm.nih.gov/rest/pug/compound/name/L-leucine/record/SDF/?record_type=3d,PubChem: L-leucine,Ball-and-stick,Standard,Verified · C6H13NO2,"Nonpolar, branched.",6106,yes,pinned (1)
1,Chemistry of Life,Proteins,L-Isoleucine,Amino acid,PubChem,L-isoleucine,https://pubchem.ncbi.nlm.nih.gov/rest/pug/compound/name/L-isoleucine/record/SDF/?record_type=3d,PubChem: L-isoleucine,Ball-and-stick,Standard,Verified · C6H13NO2,"Nonpolar, branched isomer of leucine.",6306,yes,pinned (2)
1,Chemistry of Life,Proteins,L-Proline,Amino acid,PubChem,L-proline,https://pubchem.ncbi.nlm.nih.gov/rest/pug/compound/name/L-proline/record/SDF/?record_type=3d,PubChem: L-proline,Ball-and-stick,Core,Verified · C5H9NO2,Ring locks the backbone - helix breaker.,145742,yes,pinned (1)
1,Chemistry of Life,Proteins,L-Phenylalanine,Amino acid,PubChem,L-phenylalanine,https://pubchem.ncbi.nlm.nih.gov/rest/pug/compound/name/L-phenylalanine/record/SDF/?record_type=3d,PubChem: L-phenylalanine,Ball-and-stick,Standard,Verified · C9H11NO2,Nonpolar aromatic; PKU link.,6140,yes,pinned (1)
1,Chemistry of Life,Proteins,L-Tryptophan,Amino acid,PubChem,L-tryptophan,https://pubchem.ncbi.nlm.nih.gov/rest/pug/compound/name/L-tryptophan/record/SDF/?record_type=3d,PubChem: L-tryptophan,Ball-and-stick,Standard,Verified · C11H12N2O2,Largest R-group; trp operon link.,6305,yes,pinned (1)
1,Chemistry of Life,Proteins,L-Methionine,Amino acid,PubChem,L-methionine,https://pubchem.ncbi.nlm.nih.gov/rest/pug/compound/name/L-methionine/record/SDF/?record_type=3d,PubChem: L-methionine,Ball-and-stick,Core,Verified · C5H11NO2S,Start codon amino acid.,6137,yes,pinned (1)
1,Chemistry of Life,Proteins,L-Serine,Amino acid,PubChem,L-serine,https://pubchem.ncbi.nlm.nih.gov/rest/pug/compound/name/L-serine/record/SDF/?record_type=3d,PubChem: L-serine,Ball-and-stick,Standard,Verified · C3H7NO3,Polar; phosphorylation site.,5951,yes,pinned (1)
1,Chemistry of Life,Proteins,L-Threonine,Amino acid,PubChem,L-threonine,https://pubchem.ncbi.nlm.nih.gov/rest/pug/compound/name/L-threonine/record/SDF/?record_type=3d,PubChem: L-threonine,Ball-and-stick,Standard,Verified · C4H9NO3,Polar; phosphorylation site.,6288,yes,pinned (2)
1,Chemistry of Life,Proteins,L-Cysteine,Amino acid,PubChem,L-cysteine,https://pubchem.ncbi.nlm.nih.gov/rest/pug/compound/name/L-cysteine/record/SDF/?record_type=3d,PubChem: L-cysteine,Ball-and-stick,Core,Verified · C3H7NO2S,Thiol - forms disulfide bridges.,5862,yes,pinned (1)
1,Chemistry of Life,Proteins,L-Cystine (disulfide),Amino acid,PubChem,L-cystine,https://pubchem.ncbi.nlm.nih.gov/rest/pug/compound/name/L-cystine/record/SDF/?record_type=3d,PubChem: L-cystine,Ball-and-stick,Core,Verified · C6H12N2O4S2,Two cysteines bonded - tertiary structure.,67678,yes,pinned (2)
1,Chemistry of Life,Proteins,L-Tyrosine,Amino acid,PubChem,L-tyrosine,https://pubchem.ncbi.nlm.nih.gov/rest/pug/compound/name/L-tyrosine/record/SDF/?record_type=3d,PubChem: L-tyrosine,Ball-and-stick,Standard,Verified · C9H11NO3,Polar aromatic; kinase target.,6057,yes,pinned (1)
1,Chemistry of Life,Proteins,L-Asparagine,Amino acid,PubChem,L-asparagine,https://pubchem.ncbi.nlm.nih.gov/rest/pug/compound/name/L-asparagine/record/SDF/?record_type=3d,PubChem: L-asparagine,Ball-and-stick,Standard,Verified · C4H8N2O3,Polar amide.,6267,yes,pinned (1)
1,Chemistry of Life,Proteins,L-Glutamine,Amino acid,PubChem,L-glutamine,https://pubchem.ncbi.nlm.nih.gov/rest/pug/compound/name/L-glutamine/record/SDF/?record_type=3d,PubChem: L-glutamine,Ball-and-stick,Standard,Verified · C5H10N2O3,Polar amide.,5961,yes,pinned (1)
1,Chemistry of Life,Proteins,L-Aspartic acid,Amino acid,PubChem,L-aspartic acid,https://pubchem.ncbi.nlm.nih.gov/rest/pug/compound/name/L-aspartic%20acid/record/SDF/?record_type=3d,PubChem: L-aspartic acid,Ball-and-stick,Standard,Verified · C4H7NO4,"Acidic, negative at pH 7.",5960,yes,pinned (1)
1,Chemistry of Life,Proteins,L-Glutamic acid,Amino acid,PubChem,L-glutamic acid,https://pubchem.ncbi.nlm.nih.gov/rest/pug/compound/name/L-glutamic%20acid/record/SDF/?record_type=3d,PubChem: L-glutamic acid,Ball-and-stick,Core,Verified · C5H9NO4,Acidic. Residue 6 of normal beta-globin.,33032,yes,pinned (1)
1,Chemistry of Life,Proteins,L-Lysine,Amino acid,PubChem,L-lysine,https://pubchem.ncbi.nlm.nih.gov/rest/pug/compound/name/L-lysine/record/SDF/?record_type=3d,PubChem: L-lysine,Ball-and-stick,Core,Verified · C6H14N2O2,Basic; histone tail acetylation target.,5962,yes,pinned (1)
1,Chemistry of Life,Proteins,L-Arginine,Amino acid,PubChem,L-arginine,https://pubchem.ncbi.nlm.nih.gov/rest/pug/compound/name/L-arginine/record/SDF/?record_type=3d,PubChem: L-arginine,Ball-and-stick,Standard,Verified · C6H14N4O2,"Basic, guanidinium group; binds DNA backbone.",6322,yes,pinned (1)
1,Chemistry of Life,Proteins,L-Histidine,Amino acid,PubChem,L-histidine,https://pubchem.ncbi.nlm.nih.gov/rest/pug/compound/name/L-histidine/record/SDF/?record_type=3d,PubChem: L-histidine,Ball-and-stick,Standard,Verified · C6H9N3O2,"Basic; pKa near 7, common in active sites.",6274,yes,pinned (1)
1,Chemistry of Life,Proteins,Dipeptide (peptide bond),Protein,Model,Gly-Ala + released water,-- build in app --,-- build in app --,Built in-app,Core,n/a,Dehydration synthesis; show the water leaving.,,,
1,Chemistry of Life,Proteins,Alpha helix,Protein,PDB,1LYZ,https://files.rcsb.org/download/1LYZ.pdb,RCSB 1LYZ,Cartoon,Core,High,Secondary structure. Highlight backbone H-bonds i to i+4.,,,
1,Chemistry of Life,Proteins,Beta-pleated sheet,Protein,PDB,1IGT,https://files.rcsb.org/download/1IGT.pdb,RCSB 1IGT,Cartoon,Core,High,Secondary structure; antiparallel strands in Ig domains.,,,
1,Chemistry of Life,Proteins,Lysozyme (folded),Protein,PDB,1LYZ,https://files.rcsb.org/download/1LYZ.pdb,RCSB 1LYZ,Cartoon,Core,High,All four levels of structure in one small protein.,,,
1,Chemistry of Life,Nucleic acids,Adenine,Nucleobase,PubChem,adenine,https://pubchem.ncbi.nlm.nih.gov/rest/pug/compound/name/adenine/record/SDF/?record_type=3d,PubChem: adenine,Ball-and-stick,Core,Verified · C5H5N5,Purine - two rings. Pairs with T/U via 2 H-bonds.,190,yes,pinned (achiral)
1,Chemistry of Life,Nucleic acids,Guanine,Nucleobase,PubChem,guanine,https://pubchem.ncbi.nlm.nih.gov/rest/pug/compound/name/guanine/record/SDF/?record_type=3d,PubChem: guanine,Ball-and-stick,Core,Verified · C5H5N5O,Purine. Pairs with C via 3 H-bonds.,135398634,yes,pinned (achiral)
1,Chemistry of Life,Nucleic acids,Cytosine,Nucleobase,PubChem,cytosine,https://pubchem.ncbi.nlm.nih.gov/rest/pug/compound/name/cytosine/record/SDF/?record_type=3d,PubChem: cytosine,Ball-and-stick,Core,Verified · C4H5N3O,Pyrimidine - one ring.,597,yes,pinned (achiral)
1,Chemistry of Life,Nucleic acids,Thymine,Nucleobase,PubChem,thymine,https://pubchem.ncbi.nlm.nih.gov/rest/pug/compound/name/thymine/record/SDF/?record_type=3d,PubChem: thymine,Ball-and-stick,Core,Verified · C5H6N2O2,"Pyrimidine, DNA only. Methyl group vs uracil.",1135,yes,pinned (achiral)
1,Chemistry of Life,Nucleic acids,Uracil,Nucleobase,PubChem,uracil,https://pubchem.ncbi.nlm.nih.gov/rest/pug/compound/name/uracil/record/SDF/?record_type=3d,PubChem: uracil,Ball-and-stick,Core,Verified · C4H4N2O2,"Pyrimidine, RNA only.",1174,yes,pinned (achiral)
1,Chemistry of Life,Nucleic acids,Deoxyadenosine monophosphate,Nucleotide,PubChem,deoxyadenosine monophosphate,https://pubchem.ncbi.nlm.nih.gov/rest/pug/compound/name/deoxyadenosine%20monophosphate/record/SDF/?record_type=3d,PubChem: deoxyadenosine monophosphate,Ball-and-stick,Core,Verified · C10H14N5O6P,Full nucleotide: phosphate + sugar + base.,12599,yes,pinned (3)
1,Chemistry of Life,Nucleic acids,B-DNA dodecamer,Nucleic acid,PDB,1BNA,https://files.rcsb.org/download/1BNA.pdb,RCSB 1BNA,Cartoon,Core,High,The classic Drew-Dickerson double helix. Major/minor grooves.,,,
1,Chemistry of Life,Nucleic acids,Z-DNA,Nucleic acid,PDB,2DCG,https://files.rcsb.org/download/2DCG.pdb,RCSB 2DCG,Cartoon,Extended,High,Left-handed alternative helix.,,,
1,Chemistry of Life,Nucleic acids,tRNA (phenylalanine),Nucleic acid,PDB,1EHZ,https://files.rcsb.org/download/1EHZ.pdb,RCSB 1EHZ,Cartoon,Core,High,Cloverleaf folds into L-shape; anticodon + acceptor stem.,,,
1,Chemistry of Life,Nucleic acids,RNA hairpin,Nucleic acid,Model,Stem-loop from sequence,-- build in app --,-- build in app --,Built in-app,Standard,n/a,Intramolecular base pairing - why RNA is not just linear.,,,
2,Cell Structure & Function,Membrane,Fluid mosaic bilayer,Membrane,Model,POPC bilayer + cholesterol + proteins,-- build in app --,-- build in app --,Built in-app,Core,n/a,Assemble from Unit 1 parts. Let students toggle components.,,,
2,Cell Structure & Function,Membrane,Cholesterol in bilayer,Membrane,Model,POPC + 20% cholesterol,-- build in app --,-- build in app --,Built in-app,Core,n/a,Fluidity buffer at high and low temperature.,,,
2,Cell Structure & Function,Membrane,Glycoprotein,Membrane,PDB,1IGY,https://files.rcsb.org/download/1IGY.pdb,RCSB 1IGY,Cartoon,Standard,High,Sugar chains as cell-surface ID tags.,,,
2,Cell Structure & Function,Transport,Aquaporin-1,Transport protein,PDB,1J4N,https://files.rcsb.org/download/1J4N.pdb,RCSB 1J4N,Cartoon,Core,Verified,Water channel; single-file water. Facilitated diffusion.,,,
2,Cell Structure & Function,Transport,KcsA potassium channel,Transport protein,PDB,1BL8,https://files.rcsb.org/download/1BL8.pdb,RCSB 1BL8,Cartoon,Core,High,Selectivity filter - how K+ passes but Na+ does not.,,,
2,Cell Structure & Function,Transport,Na+/K+ ATPase,Transport protein,PDB,3B8E,https://files.rcsb.org/download/3B8E.pdb,RCSB 3B8E,Cartoon,Core,High,"Active transport; 3 Na+ out, 2 K+ in, 1 ATP.",,,
2,Cell Structure & Function,Transport,GLUT1 glucose transporter,Transport protein,PDB,4PYP,https://files.rcsb.org/download/4PYP.pdb,RCSB 4PYP,Cartoon,Standard,High,Facilitated diffusion with conformational change.,,,
2,Cell Structure & Function,Transport,Connexin gap junction,Transport protein,PDB,2ZW3,https://files.rcsb.org/download/2ZW3.pdb,RCSB 2ZW3,Cartoon,Standard,High,Direct cytoplasmic connection between cells.,,,
2,Cell Structure & Function,Transport,Bacterial porin,Transport protein,PDB,2POR,https://files.rcsb.org/download/2POR.pdb,RCSB 2POR,Cartoon,Extended,High,Beta-barrel channel - contrast with alpha-helical channels.,,,
2,Cell Structure & Function,Transport,Voltage-gated sodium channel,Transport protein,PDB,5X0M,https://files.rcsb.org/download/5X0M.pdb,RCSB 5X0M,Cartoon,Extended,High,Gating; sets up Unit 4 signaling.,,,
2,Cell Structure & Function,Organelles,"Ribosome, 70S (bacterial)",Complex,PDB,4V5D,https://files.rcsb.org/download/4V5D.pdb,RCSB 4V5D,Surface/Complex,Core,High,"Two subunits, rRNA-dominated. Antibiotic target.",,,
2,Cell Structure & Function,Organelles,"Ribosome, 80S (eukaryotic)",Complex,PDB,4V6X,https://files.rcsb.org/download/4V6X.pdb,RCSB 4V6X,Surface/Complex,Standard,High,Compare size with the 70S.,,,
2,Cell Structure & Function,Organelles,Proteasome,Complex,PDB,1FNT,https://files.rcsb.org/download/1FNT.pdb,RCSB 1FNT,Surface/Complex,Standard,High,Protein degradation barrel; quality control.,,,
2,Cell Structure & Function,Organelles,GroEL/GroES chaperonin,Complex,PDB,1AON,https://files.rcsb.org/download/1AON.pdb,RCSB 1AON,Surface/Complex,Standard,High,Folding chamber - protein folding is assisted.,,,
2,Cell Structure & Function,Organelles,Nuclear pore complex,Complex,PDB,5A9Q,https://files.rcsb.org/download/5A9Q.pdb,RCSB 5A9Q,Surface/Complex,Extended,High,"Selective gateway; very large, use surface rendering.",,,
2,Cell Structure & Function,Cytoskeleton,Tubulin alpha-beta dimer,Structural protein,PDB,1TUB,https://files.rcsb.org/download/1TUB.pdb,RCSB 1TUB,Cartoon,Core,High,"Microtubule subunit; spindle, cilia, transport track.",,,
2,Cell Structure & Function,Cytoskeleton,G-actin monomer,Structural protein,PDB,1ATN,https://files.rcsb.org/download/1ATN.pdb,RCSB 1ATN,Cartoon,Core,High,Microfilament subunit; polymerize into F-actin.,,,
2,Cell Structure & Function,Cytoskeleton,Myosin motor domain,Motor protein,PDB,1B7T,https://files.rcsb.org/download/1B7T.pdb,RCSB 1B7T,Cartoon,Standard,High,ATP-driven conformational change - motion from chemistry.,,,
2,Cell Structure & Function,Cytoskeleton,Kinesin motor domain,Motor protein,PDB,1BG2,https://files.rcsb.org/download/1BG2.pdb,RCSB 1BG2,Cartoon,Standard,High,Walks cargo along microtubules.,,,
2,Cell Structure & Function,Cytoskeleton,Collagen triple helix,Structural protein,PDB,1CAG,https://files.rcsb.org/download/1CAG.pdb,RCSB 1CAG,Cartoon,Standard,High,Extracellular matrix; glycine every third residue.,,,
2,Cell Structure & Function,Cytoskeleton,Clathrin cage,Complex,PDB,3IYV,https://files.rcsb.org/download/3IYV.pdb,RCSB 3IYV,Surface/Complex,Extended,High,Receptor-mediated endocytosis vesicle coat.,,,
3,Cellular Energetics,Energy carriers,ATP,Energy carrier,PubChem,adenosine triphosphate,https://pubchem.ncbi.nlm.nih.gov/rest/pug/compound/name/adenosine%20triphosphate/record/SDF/?record_type=3d,PubChem: adenosine triphosphate,Ball-and-stick,Core,Verified · C10H16N5O13P3,Three phosphates; highlight the phosphoanhydride bonds.,5957,yes,pinned (4)
3,Cellular Energetics,Energy carriers,ADP,Energy carrier,PubChem,adenosine diphosphate,https://pubchem.ncbi.nlm.nih.gov/rest/pug/compound/name/adenosine%20diphosphate/record/SDF/?record_type=3d,PubChem: adenosine diphosphate,Ball-and-stick,Core,Verified · C10H15N5O10P2,Show ATP/ADP + Pi cycle as a morph animation.,6022,yes,pinned (4)
3,Cellular Energetics,Energy carriers,AMP,Energy carrier,PubChem,adenosine monophosphate,https://pubchem.ncbi.nlm.nih.gov/rest/pug/compound/name/adenosine%20monophosphate/record/SDF/?record_type=3d,PubChem: adenosine monophosphate,Ball-and-stick,Standard,Verified · C10H14N5O7P,Also the RNA nucleotide - link back to Unit 1.,6083,yes,pinned (4)
3,Cellular Energetics,Energy carriers,Phosphate ion,Inorganic,PubChem,phosphate,https://pubchem.ncbi.nlm.nih.gov/rest/pug/compound/name/phosphate/record/SDF/?record_type=3d,PubChem: phosphate,Ball-and-stick,Core,Verified · O4P-3,The Pi in ATP + H2O -> ADP + Pi.,1061,yes,pinned (achiral)
3,Cellular Energetics,Energy carriers,NAD+,Electron carrier,PubChem,NAD,https://pubchem.ncbi.nlm.nih.gov/rest/pug/compound/name/NAD/record/SDF/?record_type=3d,PubChem: NAD,Ball-and-stick,Core,Verified · C21H27N7O14P2,Oxidized carrier; positive charge on nicotinamide ring.,5892,yes,pinned (8)
3,Cellular Energetics,Energy carriers,NADH,Electron carrier,PubChem,NADH,https://pubchem.ncbi.nlm.nih.gov/rest/pug/compound/name/NADH/record/SDF/?record_type=3d,PubChem: NADH,Ball-and-stick,Core,Verified · C21H29N7O14P2,Reduced form - show the added hydride on the ring.,439153,yes,pinned (8)
3,Cellular Energetics,Energy carriers,FAD,Electron carrier,PubChem,FAD,https://pubchem.ncbi.nlm.nih.gov/rest/pug/compound/name/FAD/record/SDF/?record_type=3d,PubChem: FAD,Ball-and-stick,Standard,Ambiguous,Flavin carrier; enters ETC at Complex II.,,,
3,Cellular Energetics,Energy carriers,FADH2,Electron carrier,PubChem,FADH2,https://pubchem.ncbi.nlm.nih.gov/rest/pug/compound/name/FADH2/record/SDF/?record_type=3d,PubChem: FADH2,Ball-and-stick,Standard,Verified (no 3D) · C27H35N9O15P2,Reduced flavin; yields fewer ATP than NADH.,446013,no,pinned (7)
3,Cellular Energetics,Energy carriers,NADP+,Electron carrier,PubChem,NADP,https://pubchem.ncbi.nlm.nih.gov/rest/pug/compound/name/NADP/record/SDF/?record_type=3d,PubChem: NADP,Ball-and-stick,Standard,Verified · C21H28N7O17P3,Photosynthesis carrier; extra phosphate distinguishes it.,5885,yes,pinned (8)
3,Cellular Energetics,Energy carriers,NADPH,Electron carrier,PubChem,NADPH,https://pubchem.ncbi.nlm.nih.gov/rest/pug/compound/name/NADPH/record/SDF/?record_type=3d,PubChem: NADPH,Ball-and-stick,Core,Verified · C21H30N7O17P3,Light reaction product feeding the Calvin cycle.,5884,yes,pinned (8)
3,Cellular Energetics,Energy carriers,Coenzyme A,Cofactor,PubChem,coenzyme A,https://pubchem.ncbi.nlm.nih.gov/rest/pug/compound/name/coenzyme%20A/record/SDF/?record_type=3d,PubChem: coenzyme A,Ball-and-stick,Standard,Verified (no 3D) · C21H36N7O16P3S,Thiol carrier of acyl groups.,87642,no,pinned (5)
3,Cellular Energetics,Energy carriers,Acetyl-CoA,Metabolite,PubChem,acetyl-CoA,https://pubchem.ncbi.nlm.nih.gov/rest/pug/compound/name/acetyl-CoA/record/SDF/?record_type=3d,PubChem: acetyl-CoA,Ball-and-stick,Core,Verified (no 3D) · C23H38N7O17P3S,"Junction of glycolysis, Krebs, and fat metabolism.",444493,no,pinned (5)
3,Cellular Energetics,Energy carriers,GTP,Energy carrier,PubChem,guanosine triphosphate,https://pubchem.ncbi.nlm.nih.gov/rest/pug/compound/name/guanosine%20triphosphate/record/SDF/?record_type=3d,PubChem: guanosine triphosphate,Ball-and-stick,Extended,Verified (no 3D) · C10H16N5O14P3,Krebs cycle substrate-level product; Unit 4 G proteins.,135398633,no,pinned (4)
3,Cellular Energetics,Glycolysis,Glucose 6-phosphate,Metabolite,PubChem,glucose 6-phosphate,https://pubchem.ncbi.nlm.nih.gov/rest/pug/compound/name/glucose%206-phosphate/record/SDF/?record_type=3d,PubChem: glucose 6-phosphate,Ball-and-stick,Standard,Verified · C6H13O9P,First investment step; traps glucose in the cell.,5958,yes,1 UNDEFINED
3,Cellular Energetics,Glycolysis,"Fructose 1,6-bisphosphate",Metabolite,PubChem,"fructose 1,6-bisphosphate",https://pubchem.ncbi.nlm.nih.gov/rest/pug/compound/name/fructose%201%2C6-bisphosphate/record/SDF/?record_type=3d,"PubChem: fructose 1,6-bisphosphate",Ball-and-stick,Standard,Verified · C6H14O11P2,Committed step; PFK regulation point.,445555,yes,pinned (4)
3,Cellular Energetics,Glycolysis,Dihydroxyacetone phosphate,Metabolite,PubChem,dihydroxyacetone phosphate,https://pubchem.ncbi.nlm.nih.gov/rest/pug/compound/name/dihydroxyacetone%20phosphate/record/SDF/?record_type=3d,PubChem: dihydroxyacetone phosphate,Ball-and-stick,Extended,Verified · C3H7O6P,One of the two 3-carbon split products.,668,yes,pinned (achiral)
3,Cellular Energetics,Glycolysis,Glyceraldehyde 3-phosphate,Metabolite,PubChem,glyceraldehyde 3-phosphate,https://pubchem.ncbi.nlm.nih.gov/rest/pug/compound/name/glyceraldehyde%203-phosphate/record/SDF/?record_type=3d,PubChem: glyceraldehyde 3-phosphate,Ball-and-stick,Core,Ambiguous,Appears in BOTH glycolysis and the Calvin cycle.,,,
3,Cellular Energetics,Glycolysis,"1,3-Bisphosphoglycerate",Metabolite,PubChem,"1,3-bisphosphoglycerate",https://pubchem.ncbi.nlm.nih.gov/rest/pug/compound/name/1%2C3-bisphosphoglycerate/record/SDF/?record_type=3d,"PubChem: 1,3-bisphosphoglycerate",Ball-and-stick,Extended,Ambiguous,High-energy intermediate.,,,
3,Cellular Energetics,Glycolysis,3-Phosphoglycerate,Metabolite,PubChem,3-phosphoglycerate,https://pubchem.ncbi.nlm.nih.gov/rest/pug/compound/name/3-phosphoglycerate/record/SDF/?record_type=3d,PubChem: 3-phosphoglycerate,Ball-and-stick,Standard,Verified · C3H7O7P,Also the first stable Calvin cycle product.,724,yes,1 UNDEFINED
3,Cellular Energetics,Glycolysis,Phosphoenolpyruvate,Metabolite,PubChem,phosphoenolpyruvate,https://pubchem.ncbi.nlm.nih.gov/rest/pug/compound/name/phosphoenolpyruvate/record/SDF/?record_type=3d,PubChem: phosphoenolpyruvate,Ball-and-stick,Standard,Verified · C3H5O6P,Substrate-level phosphorylation donor; C4 photosynthesis.,1005,yes,pinned (achiral)
3,Cellular Energetics,Glycolysis,Pyruvate,Metabolite,PubChem,pyruvic acid,https://pubchem.ncbi.nlm.nih.gov/rest/pug/compound/name/pyruvic%20acid/record/SDF/?record_type=3d,PubChem: pyruvic acid,Ball-and-stick,Core,Verified · C3H4O3,Glycolysis endpoint; branch to fermentation or Krebs.,1060,yes,pinned (achiral)
3,Cellular Energetics,Fermentation,Lactate,Metabolite,PubChem,lactic acid,https://pubchem.ncbi.nlm.nih.gov/rest/pug/compound/name/lactic%20acid/record/SDF/?record_type=3d,PubChem: lactic acid,Ball-and-stick,Core,Verified · C3H6O3,Regenerates NAD+ in animals.,612,yes,1 UNDEFINED
3,Cellular Energetics,Fermentation,Acetaldehyde,Metabolite,PubChem,acetaldehyde,https://pubchem.ncbi.nlm.nih.gov/rest/pug/compound/name/acetaldehyde/record/SDF/?record_type=3d,PubChem: acetaldehyde,Ball-and-stick,Standard,Verified · C2H4O,Intermediate in alcoholic fermentation.,177,yes,pinned (achiral)
3,Cellular Energetics,Fermentation,Ethanol,Metabolite,PubChem,ethanol,https://pubchem.ncbi.nlm.nih.gov/rest/pug/compound/name/ethanol/record/SDF/?record_type=3d,PubChem: ethanol,Ball-and-stick,Core,Verified · C2H6O,Yeast fermentation product; CO2 released alongside.,702,yes,pinned (achiral)
3,Cellular Energetics,Krebs cycle,Citrate,Metabolite,PubChem,citric acid,https://pubchem.ncbi.nlm.nih.gov/rest/pug/compound/name/citric%20acid/record/SDF/?record_type=3d,PubChem: citric acid,Ball-and-stick,Core,Verified · C6H8O7,6-carbon start of the cycle.,311,yes,pinned (achiral)
3,Cellular Energetics,Krebs cycle,Isocitrate,Metabolite,PubChem,isocitric acid,https://pubchem.ncbi.nlm.nih.gov/rest/pug/compound/name/isocitric%20acid/record/SDF/?record_type=3d,PubChem: isocitric acid,Ball-and-stick,Extended,Verified · C6H8O7,Isomerization step.,1198,yes,2 UNDEFINED
3,Cellular Energetics,Krebs cycle,Alpha-ketoglutarate,Metabolite,PubChem,alpha-ketoglutaric acid,https://pubchem.ncbi.nlm.nih.gov/rest/pug/compound/name/alpha-ketoglutaric%20acid/record/SDF/?record_type=3d,PubChem: alpha-ketoglutaric acid,Ball-and-stick,Standard,Verified · C5H6O5,5-carbon; first CO2 released.,51,yes,pinned (achiral)
3,Cellular Energetics,Krebs cycle,Succinyl-CoA,Metabolite,PubChem,succinyl-CoA,https://pubchem.ncbi.nlm.nih.gov/rest/pug/compound/name/succinyl-CoA/record/SDF/?record_type=3d,PubChem: succinyl-CoA,Ball-and-stick,Extended,Verified (no 3D) · C25H40N7O19P3S,Precedes substrate-level phosphorylation.,92133,no,pinned (5)
3,Cellular Energetics,Krebs cycle,Succinate,Metabolite,PubChem,succinic acid,https://pubchem.ncbi.nlm.nih.gov/rest/pug/compound/name/succinic%20acid/record/SDF/?record_type=3d,PubChem: succinic acid,Ball-and-stick,Standard,Verified · C4H6O4,Substrate for Complex II.,1110,yes,pinned (achiral)
3,Cellular Energetics,Krebs cycle,Fumarate,Metabolite,PubChem,fumaric acid,https://pubchem.ncbi.nlm.nih.gov/rest/pug/compound/name/fumaric%20acid/record/SDF/?record_type=3d,PubChem: fumaric acid,Ball-and-stick,Standard,Verified · C4H4O4,trans double bond formed by FAD reduction.,444972,yes,pinned (achiral)
3,Cellular Energetics,Krebs cycle,Malate,Metabolite,PubChem,malic acid,https://pubchem.ncbi.nlm.nih.gov/rest/pug/compound/name/malic%20acid/record/SDF/?record_type=3d,PubChem: malic acid,Ball-and-stick,Standard,Verified · C4H6O5,Also the CAM/C4 carbon shuttle.,525,yes,1 UNDEFINED
3,Cellular Energetics,Krebs cycle,Oxaloacetate,Metabolite,PubChem,oxaloacetic acid,https://pubchem.ncbi.nlm.nih.gov/rest/pug/compound/name/oxaloacetic%20acid/record/SDF/?record_type=3d,PubChem: oxaloacetic acid,Ball-and-stick,Core,Verified · C4H4O5,Regenerated acceptor - closes the cycle.,970,yes,pinned (achiral)
3,Cellular Energetics,Krebs cycle,Malonate,Inhibitor,PubChem,malonic acid,https://pubchem.ncbi.nlm.nih.gov/rest/pug/compound/name/malonic%20acid/record/SDF/?record_type=3d,PubChem: malonic acid,Ball-and-stick,Core,Verified · C3H4O4,Competitive inhibitor of succinate dehydrogenase. Overlay with succinate.,867,yes,pinned (achiral)
3,Cellular Energetics,Electron transport,"Ubiquinone (CoQ, oxidized)",Electron carrier,PubChem,ubiquinone,https://pubchem.ncbi.nlm.nih.gov/rest/pug/compound/name/ubiquinone/record/SDF/?record_type=3d,PubChem: ubiquinone,Ball-and-stick,Standard,Not found,Mobile lipid-soluble carrier in the inner membrane.,,,
3,Cellular Energetics,Electron transport,Ubiquinol (reduced),Electron carrier,PubChem,ubiquinol,https://pubchem.ncbi.nlm.nih.gov/rest/pug/compound/name/ubiquinol/record/SDF/?record_type=3d,PubChem: ubiquinol,Ball-and-stick,Extended,Verified (no 3D) · C59H92O4,Reduced state - morph between the two.,9962735,no,pinned (achiral)
3,Cellular Energetics,Electron transport,Heme b,Cofactor,PubChem,heme b,https://pubchem.ncbi.nlm.nih.gov/rest/pug/compound/name/heme%20b/record/SDF/?record_type=3d,PubChem: heme b,Ball-and-stick,Standard,Ambiguous,Iron center that cycles Fe2+/Fe3+.,,,
3,Cellular Energetics,Electron transport,Cytochrome c,Protein,PDB,3CYT,https://files.rcsb.org/download/3CYT.pdb,RCSB 3CYT,Cartoon,Core,High,Small mobile carrier. Also the molecular-clock protein in Unit 7.,,,
3,Cellular Energetics,Electron transport,Complex I (NADH dehydrogenase),Complex,PDB,5XTD,https://files.rcsb.org/download/5XTD.pdb,RCSB 5XTD,Surface/Complex,Standard,Verified,Proton pumping powered by electron transfer.,,,
3,Cellular Energetics,Electron transport,Complex III (bc1),Complex,PDB,1BGY,https://files.rcsb.org/download/1BGY.pdb,RCSB 1BGY,Surface/Complex,Standard,High,Q cycle; pumps protons.,,,
3,Cellular Energetics,Electron transport,Complex IV (cytochrome oxidase),Complex,PDB,1OCC,https://files.rcsb.org/download/1OCC.pdb,RCSB 1OCC,Surface/Complex,Core,High,Final electron acceptor is O2 - makes water.,,,
3,Cellular Energetics,Electron transport,ATP synthase,Complex,PDB,1E79,https://files.rcsb.org/download/1E79.pdb,RCSB 1E79,Surface/Complex,Core,High,Rotary motor. Chemiosmosis made visible - animate the rotor.,,,
3,Cellular Energetics,Photosynthesis,Chlorophyll a,Pigment,PubChem,chlorophyll a,https://pubchem.ncbi.nlm.nih.gov/rest/pug/compound/name/chlorophyll%20a/record/SDF/?record_type=3d,PubChem: chlorophyll a,Ball-and-stick,Core,Verified (no 3D) · C55H72MgN4O5,Mg2+ porphyrin + phytol tail. Primary photosynthetic pigment.,12085802,no,pinned (5)
3,Cellular Energetics,Photosynthesis,Chlorophyll b,Pigment,PubChem,chlorophyll b,https://pubchem.ncbi.nlm.nih.gov/rest/pug/compound/name/chlorophyll%20b/record/SDF/?record_type=3d,PubChem: chlorophyll b,Ball-and-stick,Core,Verified (no 3D) · C55H70MgN4O6,Accessory pigment; compare absorption spectra.,11593175,no,pinned (5)
3,Cellular Energetics,Photosynthesis,Beta-carotene,Pigment,PubChem,beta-carotene,https://pubchem.ncbi.nlm.nih.gov/rest/pug/compound/name/beta-carotene/record/SDF/?record_type=3d,PubChem: beta-carotene,Ball-and-stick,Core,Verified · C40H56,Accessory pigment; conjugated system absorbs blue.,5280489,yes,pinned (achiral)
3,Cellular Energetics,Photosynthesis,Lutein (xanthophyll),Pigment,PubChem,lutein,https://pubchem.ncbi.nlm.nih.gov/rest/pug/compound/name/lutein/record/SDF/?record_type=3d,PubChem: lutein,Ball-and-stick,Standard,Verified · C40H56O2,Photoprotection; chromatography lab tie-in.,5281243,yes,pinned (3)
3,Cellular Energetics,Photosynthesis,Photosystem II,Complex,PDB,3WU2,https://files.rcsb.org/download/3WU2.pdb,RCSB 3WU2,Surface/Complex,Core,Verified,Splits water. Contains the Mn4CaO5 cluster.,,,
3,Cellular Energetics,Photosynthesis,Photosystem I,Complex,PDB,1JB0,https://files.rcsb.org/download/1JB0.pdb,RCSB 1JB0,Surface/Complex,Standard,High,Reduces NADP+ to NADPH.,,,
3,Cellular Energetics,Photosynthesis,Plastocyanin,Protein,PDB,1PLC,https://files.rcsb.org/download/1PLC.pdb,RCSB 1PLC,Cartoon,Extended,High,Copper carrier between PSII and PSI.,,,
3,Cellular Energetics,Photosynthesis,Plastoquinone,Electron carrier,PubChem,plastoquinone,https://pubchem.ncbi.nlm.nih.gov/rest/pug/compound/name/plastoquinone/record/SDF/?record_type=3d,PubChem: plastoquinone,Ball-and-stick,Extended,Verified (no 3D) · C53H80O2,Mobile carrier in the thylakoid membrane.,5375177,no,pinned (achiral)
3,Cellular Energetics,Photosynthesis,Rubisco,Enzyme,PDB,8RUC,https://files.rcsb.org/download/8RUC.pdb,RCSB 8RUC,Surface/Complex,Core,Verified,Most abundant enzyme on Earth. Carbon fixation; also oxygenates.,,,
3,Cellular Energetics,Photosynthesis,"Ribulose 1,5-bisphosphate",Metabolite,PubChem,"ribulose 1,5-bisphosphate",https://pubchem.ncbi.nlm.nih.gov/rest/pug/compound/name/ribulose%201%2C5-bisphosphate/record/SDF/?record_type=3d,"PubChem: ribulose 1,5-bisphosphate",Ball-and-stick,Core,Verified · C5H12O11P2,5-carbon CO2 acceptor in the Calvin cycle.,123658,yes,pinned (2)
3,Cellular Energetics,Enzymes,Hexokinase (open),Enzyme,PDB,2YHX,https://files.rcsb.org/download/2YHX.pdb,RCSB 2YHX,Cartoon,Core,High,Pair with the closed form to show induced fit.,,,
3,Cellular Energetics,Enzymes,"Hexokinase (closed, + glucose)",Enzyme,PDB,1HKB,https://files.rcsb.org/download/1HKB.pdb,RCSB 1HKB,Cartoon,Core,High,Clamped around substrate. The induced-fit payoff shot.,,,
3,Cellular Energetics,Enzymes,Catalase,Enzyme,PDB,1DGF,https://files.rcsb.org/download/1DGF.pdb,RCSB 1DGF,Cartoon,Core,High,Liver/potato lab enzyme; breaks down H2O2.,,,
3,Cellular Energetics,Enzymes,Carbonic anhydrase,Enzyme,PDB,1CA2,https://files.rcsb.org/download/1CA2.pdb,RCSB 1CA2,Cartoon,Standard,High,One of the fastest enzymes; zinc active site.,,,
3,Cellular Energetics,Enzymes,Aspartate transcarbamoylase,Enzyme,PDB,1D09,https://files.rcsb.org/download/1D09.pdb,RCSB 1D09,Surface/Complex,Standard,High,Allosteric regulation; T and R states.,,,
3,Cellular Energetics,Enzymes,Pepsin,Enzyme,PDB,5PEP,https://files.rcsb.org/download/5PEP.pdb,RCSB 5PEP,Cartoon,Standard,High,Acid-optimal enzyme - pH and enzyme activity.,,,
4,Cell Communication & Cell Cycle,Ligands,Epinephrine,Signal molecule,PubChem,epinephrine,https://pubchem.ncbi.nlm.nih.gov/rest/pug/compound/name/epinephrine/record/SDF/?record_type=3d,PubChem: epinephrine,Ball-and-stick,Core,Verified · C9H13NO3,Canonical GPCR ligand; fight-or-flight cascade.,5816,yes,pinned (1)
4,Cell Communication & Cell Cycle,Ligands,Norepinephrine,Signal molecule,PubChem,norepinephrine,https://pubchem.ncbi.nlm.nih.gov/rest/pug/compound/name/norepinephrine/record/SDF/?record_type=3d,PubChem: norepinephrine,Ball-and-stick,Extended,Verified · C8H11NO3,One methyl group different from epinephrine.,439260,yes,pinned (1)
4,Cell Communication & Cell Cycle,Ligands,Acetylcholine,Signal molecule,PubChem,acetylcholine,https://pubchem.ncbi.nlm.nih.gov/rest/pug/compound/name/acetylcholine/record/SDF/?record_type=3d,PubChem: acetylcholine,Ball-and-stick,Core,Verified · C7H16NO2+,Neurotransmitter at the neuromuscular junction.,187,yes,pinned (achiral)
4,Cell Communication & Cell Cycle,Ligands,Dopamine,Signal molecule,PubChem,dopamine,https://pubchem.ncbi.nlm.nih.gov/rest/pug/compound/name/dopamine/record/SDF/?record_type=3d,PubChem: dopamine,Ball-and-stick,Standard,Verified · C8H11NO2,Catecholamine family with epinephrine.,681,yes,pinned (achiral)
4,Cell Communication & Cell Cycle,Ligands,Serotonin,Signal molecule,PubChem,serotonin,https://pubchem.ncbi.nlm.nih.gov/rest/pug/compound/name/serotonin/record/SDF/?record_type=3d,PubChem: serotonin,Ball-and-stick,Standard,Verified · C10H12N2O,Derived from tryptophan - link to Unit 1.,5202,yes,pinned (achiral)
4,Cell Communication & Cell Cycle,Ligands,GABA,Signal molecule,PubChem,gamma-aminobutyric acid,https://pubchem.ncbi.nlm.nih.gov/rest/pug/compound/name/gamma-aminobutyric%20acid/record/SDF/?record_type=3d,PubChem: gamma-aminobutyric acid,Ball-and-stick,Extended,Verified · C4H9NO2,Inhibitory neurotransmitter.,119,yes,pinned (achiral)
4,Cell Communication & Cell Cycle,Ligands,Nitric oxide,Signal molecule,PubChem,nitric oxide,https://pubchem.ncbi.nlm.nih.gov/rest/pug/compound/name/nitric%20oxide/record/SDF/?record_type=3d,PubChem: nitric oxide,Ball-and-stick,Standard,Verified (no 3D) · NO,Gas that diffuses straight through membranes.,145068,no,pinned (achiral)
4,Cell Communication & Cell Cycle,Ligands,Ethylene,Plant hormone,PubChem,ethylene,https://pubchem.ncbi.nlm.nih.gov/rest/pug/compound/name/ethylene/record/SDF/?record_type=3d,PubChem: ethylene,Ball-and-stick,Standard,Verified · C2H4,Fruit ripening; simplest plant hormone.,6325,yes,pinned (achiral)
4,Cell Communication & Cell Cycle,Ligands,Auxin (IAA),Plant hormone,PubChem,indole-3-acetic acid,https://pubchem.ncbi.nlm.nih.gov/rest/pug/compound/name/indole-3-acetic%20acid/record/SDF/?record_type=3d,PubChem: indole-3-acetic acid,Ball-and-stick,Standard,Verified · C10H9NO2,Phototropism and gravitropism.,802,yes,pinned (achiral)
4,Cell Communication & Cell Cycle,Ligands,Abscisic acid,Plant hormone,PubChem,abscisic acid,https://pubchem.ncbi.nlm.nih.gov/rest/pug/compound/name/abscisic%20acid/record/SDF/?record_type=3d,PubChem: abscisic acid,Ball-and-stick,Extended,Verified · C15H20O4,Stomatal closure under drought stress.,5280896,yes,pinned (1)
4,Cell Communication & Cell Cycle,Ligands,Gibberellic acid,Plant hormone,PubChem,gibberellic acid,https://pubchem.ncbi.nlm.nih.gov/rest/pug/compound/name/gibberellic%20acid/record/SDF/?record_type=3d,PubChem: gibberellic acid,Ball-and-stick,Extended,Verified · C19H22O6,"Stem elongation, germination.",6466,yes,pinned (8)
4,Cell Communication & Cell Cycle,Ligands,Thyroxine (T4),Hormone,PubChem,thyroxine,https://pubchem.ncbi.nlm.nih.gov/rest/pug/compound/name/thyroxine/record/SDF/?record_type=3d,PubChem: thyroxine,Ball-and-stick,Extended,Verified · C15H11I4NO4,Iodinated hormone; metabolic rate.,5819,yes,pinned (1)
4,Cell Communication & Cell Cycle,Second messengers,Cyclic AMP,Second messenger,PubChem,cyclic AMP,https://pubchem.ncbi.nlm.nih.gov/rest/pug/compound/name/cyclic%20AMP/record/SDF/?record_type=3d,PubChem: cyclic AMP,Ball-and-stick,Core,Verified · C10H12N5O6P,"Amplification step - one ligand, many cAMP.",6076,yes,pinned (4)
4,Cell Communication & Cell Cycle,Second messengers,Cyclic GMP,Second messenger,PubChem,cyclic GMP,https://pubchem.ncbi.nlm.nih.gov/rest/pug/compound/name/cyclic%20GMP/record/SDF/?record_type=3d,PubChem: cyclic GMP,Ball-and-stick,Extended,Verified (no 3D) · C10H12N5O7P,Vision and smooth muscle signaling.,135398570,no,pinned (4)
4,Cell Communication & Cell Cycle,Second messengers,IP3,Second messenger,PubChem,"inositol 1,4,5-trisphosphate",https://pubchem.ncbi.nlm.nih.gov/rest/pug/compound/name/inositol%201%2C4%2C5-trisphosphate/record/SDF/?record_type=3d,"PubChem: inositol 1,4,5-trisphosphate",Ball-and-stick,Standard,Verified · C6H15O15P3,Triggers Ca2+ release from the ER.,439456,yes,pinned (6)
4,Cell Communication & Cell Cycle,Second messengers,Diacylglycerol,Second messenger,PubChem,diacylglycerol,https://pubchem.ncbi.nlm.nih.gov/rest/pug/compound/name/diacylglycerol/record/SDF/?record_type=3d,PubChem: diacylglycerol,Ball-and-stick,Extended,Verified (no 3D) · C37H70O5,Membrane-bound partner of IP3.,6026790,no,1 UNDEFINED
4,Cell Communication & Cell Cycle,Receptors,Insulin,Hormone,PDB,4INS,https://files.rcsb.org/download/4INS.pdb,RCSB 4INS,Cartoon,Core,High,"Two chains, disulfide-linked. Quaternary structure example.",,,
4,Cell Communication & Cell Cycle,Receptors,Beta-2 adrenergic receptor,Receptor,PDB,2RH1,https://files.rcsb.org/download/2RH1.pdb,RCSB 2RH1,Cartoon,Core,High,7-transmembrane GPCR; ligand-binding pocket.,,,
4,Cell Communication & Cell Cycle,Receptors,Heterotrimeric G protein,Protein,PDB,1GOT,https://files.rcsb.org/download/1GOT.pdb,RCSB 1GOT,Cartoon,Standard,High,"Alpha, beta, gamma subunits; GDP/GTP switch.",,,
4,Cell Communication & Cell Cycle,Receptors,Protein kinase A,Enzyme,PDB,1ATP,https://files.rcsb.org/download/1ATP.pdb,RCSB 1ATP,Cartoon,Standard,High,Phosphorylation cascade step; ATP in the active site.,,,
4,Cell Communication & Cell Cycle,Receptors,Ras GTPase,Protein,PDB,5P21,https://files.rcsb.org/download/5P21.pdb,RCSB 5P21,Cartoon,Standard,High,Molecular switch; mutated in many cancers.,,,
4,Cell Communication & Cell Cycle,Receptors,Nicotinic acetylcholine receptor,Receptor,PDB,2BG9,https://files.rcsb.org/download/2BG9.pdb,RCSB 2BG9,Surface/Complex,Standard,High,Ligand-gated ion channel - receptor and channel in one.,,,
4,Cell Communication & Cell Cycle,Receptors,Estrogen receptor + estradiol,Receptor,PDB,1ERE,https://files.rcsb.org/download/1ERE.pdb,RCSB 1ERE,Cartoon,Core,High,Intracellular receptor - contrast with membrane GPCRs.,,,
4,Cell Communication & Cell Cycle,Receptors,Calmodulin (Ca2+-bound),Protein,PDB,1CLL,https://files.rcsb.org/download/1CLL.pdb,RCSB 1CLL,Cartoon,Standard,High,Calcium sensor; dramatic conformational change.,,,
4,Cell Communication & Cell Cycle,Cell cycle,Cyclin A - CDK2,Complex,PDB,1FIN,https://files.rcsb.org/download/1FIN.pdb,RCSB 1FIN,Cartoon,Core,High,Checkpoint control; cyclin levels drive the cycle.,,,
4,Cell Communication & Cell Cycle,Cell cycle,p53 bound to DNA,Protein,PDB,1TUP,https://files.rcsb.org/download/1TUP.pdb,RCSB 1TUP,Cartoon,Core,High,Tumor suppressor; most-mutated protein in cancer.,,,
4,Cell Communication & Cell Cycle,Cell cycle,Retinoblastoma protein (Rb),Protein,PDB,1GUX,https://files.rcsb.org/download/1GUX.pdb,RCSB 1GUX,Cartoon,Extended,High,G1 checkpoint brake.,,,
4,Cell Communication & Cell Cycle,Cell cycle,Caspase-3,Enzyme,PDB,1CP3,https://files.rcsb.org/download/1CP3.pdb,RCSB 1CP3,Cartoon,Extended,High,Apoptosis executioner.,,,
4,Cell Communication & Cell Cycle,Cell cycle,Paclitaxel (Taxol),Drug,PubChem,paclitaxel,https://pubchem.ncbi.nlm.nih.gov/rest/pug/compound/name/paclitaxel/record/SDF/?record_type=3d,PubChem: paclitaxel,Ball-and-stick,Standard,Verified (no 3D) · C47H51NO14,Stabilizes microtubules - blocks mitosis. Overlay on tubulin.,36314,no,pinned (11)
5,Heredity,Chromatin,Nucleosome core particle,Complex,PDB,1AOI,https://files.rcsb.org/download/1AOI.pdb,RCSB 1AOI,Surface/Complex,Core,High,147 bp DNA wrapped 1.7 turns around a histone octamer.,,,
5,Heredity,Chromatin,Histone H3,Protein,PDB,1AOI,https://files.rcsb.org/download/1AOI.pdb,RCSB 1AOI,Cartoon,Standard,High,Isolate chain A; show the flexible tail.,,,
5,Heredity,Chromatin,Acetylated histone tail,Protein,Model,H3 tail + acetyl-lysine,-- build in app --,-- build in app --,Built in-app,Standard,n/a,"Epigenetics: charge neutralized, chromatin loosens.",,,
5,Heredity,Chromatin,30-nm fiber (model),Complex,Model,Solenoid of nucleosomes,-- build in app --,-- build in app --,Built in-app,Standard,n/a,Levels of DNA packing toward a metaphase chromosome.,,,
5,Heredity,Meiosis,Holliday junction,Nucleic acid,PDB,1DCW,https://files.rcsb.org/download/1DCW.pdb,RCSB 1DCW,Cartoon,Core,High,Crossing over made physical - four-way DNA exchange.,,,
5,Heredity,Meiosis,RecA/Rad51 filament,Protein,PDB,1N0W,https://files.rcsb.org/download/1N0W.pdb,RCSB 1N0W,Cartoon,Extended,High,Strand invasion during recombination.,,,
5,Heredity,Meiosis,Telomere G-quadruplex,Nucleic acid,PDB,1KF1,https://files.rcsb.org/download/1KF1.pdb,RCSB 1KF1,Cartoon,Standard,High,Chromosome end protection; four-stranded DNA.,,,
5,Heredity,Meiosis,Cohesin/condensin,Complex,PDB,1W1W,https://files.rcsb.org/download/1W1W.pdb,RCSB 1W1W,Cartoon,Extended,High,Holds sister chromatids together until anaphase.,,,
6,Gene Expression & Regulation,Replication,DNA polymerase (Klenow),Enzyme,PDB,1KLN,https://files.rcsb.org/download/1KLN.pdb,RCSB 1KLN,Cartoon,Core,High,Hand-shaped; 5'->3' synthesis and proofreading.,,,
6,Gene Expression & Regulation,Replication,Taq polymerase,Enzyme,PDB,1TAU,https://files.rcsb.org/download/1TAU.pdb,RCSB 1TAU,Cartoon,Standard,High,Thermostable - the PCR enzyme.,,,
6,Gene Expression & Regulation,Replication,Helicase,Enzyme,PDB,1W36,https://files.rcsb.org/download/1W36.pdb,RCSB 1W36,Cartoon,Standard,High,Unwinds the double helix at the fork.,,,
6,Gene Expression & Regulation,Replication,Topoisomerase I,Enzyme,PDB,1A36,https://files.rcsb.org/download/1A36.pdb,RCSB 1A36,Cartoon,Standard,High,Relieves supercoiling ahead of the fork.,,,
6,Gene Expression & Regulation,Replication,Sliding clamp (PCNA),Protein,PDB,1AXC,https://files.rcsb.org/download/1AXC.pdb,RCSB 1AXC,Cartoon,Standard,High,Ring that keeps polymerase on the template - processivity.,,,
6,Gene Expression & Regulation,Replication,Telomerase,Enzyme,PDB,3KYL,https://files.rcsb.org/download/3KYL.pdb,RCSB 3KYL,Cartoon,Standard,High,Carries its own RNA template; aging and cancer link.,,,
6,Gene Expression & Regulation,Transcription,RNA polymerase II,Complex,PDB,1I6H,https://files.rcsb.org/download/1I6H.pdb,RCSB 1I6H,Surface/Complex,Core,High,Eukaryotic transcription machine with DNA and RNA in place.,,,
6,Gene Expression & Regulation,Transcription,T7 RNA polymerase + DNA,Enzyme,PDB,1MSW,https://files.rcsb.org/download/1MSW.pdb,RCSB 1MSW,Cartoon,Standard,High,"Smaller, clearer view of transcription in action.",,,
6,Gene Expression & Regulation,Transcription,TATA-binding protein on DNA,Protein,PDB,1YTB,https://files.rcsb.org/download/1YTB.pdb,RCSB 1YTB,Cartoon,Core,High,Bends DNA ~80 degrees - promoter recognition.,,,
6,Gene Expression & Regulation,Transcription,Spliceosome,Complex,PDB,5MQF,https://files.rcsb.org/download/5MQF.pdb,RCSB 5MQF,Surface/Complex,Standard,High,Intron removal; RNA processing.,,,
6,Gene Expression & Regulation,Translation,Ribosome + mRNA + tRNAs,Complex,PDB,4V5D,https://files.rcsb.org/download/4V5D.pdb,RCSB 4V5D,Surface/Complex,Core,High,"Show A, P, E sites. The centerpiece translation model.",,,
6,Gene Expression & Regulation,Translation,Aminoacyl-tRNA synthetase,Enzyme,PDB,1QF6,https://files.rcsb.org/download/1QF6.pdb,RCSB 1QF6,Cartoon,Standard,High,Charges tRNA - where the genetic code is physically enforced.,,,
6,Gene Expression & Regulation,Translation,EF-Tu with tRNA,Protein,PDB,1TTT,https://files.rcsb.org/download/1TTT.pdb,RCSB 1TTT,Cartoon,Extended,High,Delivers charged tRNA to the ribosome.,,,
6,Gene Expression & Regulation,Regulation,Lac repressor bound to DNA,Protein,PDB,1LBI,https://files.rcsb.org/download/1LBI.pdb,RCSB 1LBI,Cartoon,Core,High,Operon control; repressor physically blocks the promoter.,,,
6,Gene Expression & Regulation,Regulation,Allolactose,Metabolite,PubChem,allolactose,https://pubchem.ncbi.nlm.nih.gov/rest/pug/compound/name/allolactose/record/SDF/?record_type=3d,PubChem: allolactose,Ball-and-stick,Standard,Verified · C12H22O11,Inducer that releases the lac repressor.,6454902,yes,1 UNDEFINED
6,Gene Expression & Regulation,Regulation,IPTG,Metabolite,PubChem,IPTG,https://pubchem.ncbi.nlm.nih.gov/rest/pug/compound/name/IPTG/record/SDF/?record_type=3d,PubChem: IPTG,Ball-and-stick,Extended,Verified · C9H18O5S,Non-hydrolyzable lab inducer.,656894,yes,pinned (5)
6,Gene Expression & Regulation,Regulation,Trp repressor + tryptophan,Protein,PDB,1TRO,https://files.rcsb.org/download/1TRO.pdb,RCSB 1TRO,Cartoon,Core,High,Corepressor logic - opposite of the lac operon.,,,
6,Gene Expression & Regulation,Regulation,CAP/CRP + cAMP on DNA,Protein,PDB,1CGP,https://files.rcsb.org/download/1CGP.pdb,RCSB 1CGP,Cartoon,Standard,High,Positive control; bends DNA.,,,
6,Gene Expression & Regulation,Regulation,Zinc finger on DNA,Protein,PDB,1ZAA,https://files.rcsb.org/download/1ZAA.pdb,RCSB 1ZAA,Cartoon,Standard,High,Transcription factor motif reading the major groove.,,,
6,Gene Expression & Regulation,Regulation,Leucine zipper,Protein,PDB,1YSA,https://files.rcsb.org/download/1YSA.pdb,RCSB 1YSA,Cartoon,Standard,High,Dimerizing transcription factor motif.,,,
6,Gene Expression & Regulation,Biotech,EcoRI restriction enzyme + DNA,Enzyme,PDB,1QPS,https://files.rcsb.org/download/1QPS.pdb,RCSB 1QPS,Cartoon,Core,High,Palindromic recognition; sticky ends.,,,
6,Gene Expression & Regulation,Biotech,BamHI + DNA,Enzyme,PDB,1BHM,https://files.rcsb.org/download/1BHM.pdb,RCSB 1BHM,Cartoon,Extended,High,Second restriction enzyme for comparison.,,,
6,Gene Expression & Regulation,Biotech,CRISPR-Cas9 + sgRNA + DNA,Complex,PDB,5F9R,https://files.rcsb.org/download/5F9R.pdb,RCSB 5F9R,Surface/Complex,Core,Verified,Guide RNA targeting; the gene-editing showpiece.,,,
6,Gene Expression & Regulation,Biotech,HIV reverse transcriptase,Enzyme,PDB,1RTD,https://files.rcsb.org/download/1RTD.pdb,RCSB 1RTD,Cartoon,Standard,High,RNA to DNA; central dogma exception.,,,
6,Gene Expression & Regulation,Biotech,Green fluorescent protein,Protein,PDB,1EMA,https://files.rcsb.org/download/1EMA.pdb,RCSB 1EMA,Cartoon,Core,High,Beta-barrel with internal chromophore. pGLO lab tie-in.,,,
7,Natural Selection,Hemoglobin case study,Hemoglobin A (deoxy),Protein,PDB,2HHB,https://files.rcsb.org/download/2HHB.pdb,RCSB 2HHB,Cartoon,Core,High,"Quaternary structure: 2 alpha + 2 beta, 4 hemes. T state.",,,
7,Natural Selection,Hemoglobin case study,Hemoglobin A (oxy),Protein,PDB,1HHO,https://files.rcsb.org/download/1HHO.pdb,RCSB 1HHO,Cartoon,Core,High,R state. Morph with 2HHB to show cooperative binding.,,,
7,Natural Selection,Hemoglobin case study,Sickle hemoglobin (HbS),Protein,PDB,2HBS,https://files.rcsb.org/download/2HBS.pdb,RCSB 2HBS,Cartoon,Core,Verified,Glu6Val. One residue -> polymerization -> disease. Heterozygote advantage.,,,
7,Natural Selection,Hemoglobin case study,Fetal hemoglobin,Protein,PDB,1FDH,https://files.rcsb.org/download/1FDH.pdb,RCSB 1FDH,Cartoon,Standard,High,Higher O2 affinity; gamma instead of beta chains.,,,
7,Natural Selection,Hemoglobin case study,Myoglobin,Protein,PDB,1MBN,https://files.rcsb.org/download/1MBN.pdb,RCSB 1MBN,Cartoon,Core,High,Single subunit - the gene-duplication ancestor of hemoglobin.,,,
7,Natural Selection,Molecular evolution,Cytochrome c (multi-species),Protein,PDB,3CYT,https://files.rcsb.org/download/3CYT.pdb,RCSB 3CYT,Cartoon,Core,High,Sequence conservation as a molecular clock. Compare species entries.,,,
7,Natural Selection,Molecular evolution,16S ribosomal RNA,Nucleic acid,PDB,4V5D,https://files.rcsb.org/download/4V5D.pdb,RCSB 4V5D,Surface/Complex,Standard,High,The molecule behind the three-domain tree of life.,,,
7,Natural Selection,Antibiotic resistance,Beta-lactamase,Enzyme,PDB,1BTL,https://files.rcsb.org/download/1BTL.pdb,RCSB 1BTL,Cartoon,Core,High,Resistance enzyme; selection under antibiotic pressure.,,,
7,Natural Selection,Antibiotic resistance,Penicillin G,Drug,PubChem,benzylpenicillin,https://pubchem.ncbi.nlm.nih.gov/rest/pug/compound/name/benzylpenicillin/record/SDF/?record_type=3d,PubChem: benzylpenicillin,Ball-and-stick,Core,Verified · C16H18N2O4S,Beta-lactam ring - the bond beta-lactamase cuts.,5904,yes,pinned (3)
7,Natural Selection,Antibiotic resistance,Amoxicillin,Drug,PubChem,amoxicillin,https://pubchem.ncbi.nlm.nih.gov/rest/pug/compound/name/amoxicillin/record/SDF/?record_type=3d,PubChem: amoxicillin,Ball-and-stick,Extended,Verified · C16H19N3O5S,Modified beta-lactam; arms race framing.,33613,yes,pinned (4)
7,Natural Selection,Immunity & pathogens,IgG antibody,Protein,PDB,1IGT,https://files.rcsb.org/download/1IGT.pdb,RCSB 1IGT,Surface/Complex,Core,High,Y shape; constant vs variable regions.,,,
7,Natural Selection,Immunity & pathogens,MHC class I + peptide,Protein,PDB,1HHK,https://files.rcsb.org/download/1HHK.pdb,RCSB 1HHK,Cartoon,Standard,High,Antigen presentation groove.,,,
7,Natural Selection,Immunity & pathogens,HIV-1 protease + inhibitor,Enzyme,PDB,1HVR,https://files.rcsb.org/download/1HVR.pdb,RCSB 1HVR,Cartoon,Core,High,Drug resistance evolution; structure-based drug design.,,,
7,Natural Selection,Immunity & pathogens,Influenza hemagglutinin,Protein,PDB,1RUZ,https://files.rcsb.org/download/1RUZ.pdb,RCSB 1RUZ,Cartoon,Standard,High,Antigenic drift - why flu shots change yearly.,,,
7,Natural Selection,Immunity & pathogens,SARS-CoV-2 spike,Protein,PDB,6VXX,https://files.rcsb.org/download/6VXX.pdb,RCSB 6VXX,Surface/Complex,Standard,High,Variants and selection; very current for students.,,,
7,Natural Selection,Immunity & pathogens,Tobacco mosaic virus,Complex,PDB,2TMV,https://files.rcsb.org/download/2TMV.pdb,RCSB 2TMV,Surface/Complex,Extended,High,Helical capsid; self-assembly.,,,
7,Natural Selection,Adaptation,Rhodopsin + retinal,Receptor,PDB,1F88,https://files.rcsb.org/download/1F88.pdb,RCSB 1F88,Cartoon,Standard,High,Opsin family divergence; color vision evolution.,,,
7,Natural Selection,Adaptation,11-cis-retinal,Cofactor,PubChem,11-cis-retinal,https://pubchem.ncbi.nlm.nih.gov/rest/pug/compound/name/11-cis-retinal/record/SDF/?record_type=3d,PubChem: 11-cis-retinal,Ball-and-stick,Standard,Verified · C20H28O,Light-triggered isomerization.,5280490,yes,pinned (achiral)
7,Natural Selection,Adaptation,all-trans-Retinal,Cofactor,PubChem,all-trans-retinal,https://pubchem.ncbi.nlm.nih.gov/rest/pug/compound/name/all-trans-retinal/record/SDF/?record_type=3d,PubChem: all-trans-retinal,Ball-and-stick,Standard,Verified · C20H28O,Post-photon state. Morph the two.,638015,yes,pinned (achiral)
7,Natural Selection,Adaptation,D-Luciferin,Metabolite,PubChem,D-luciferin,https://pubchem.ncbi.nlm.nih.gov/rest/pug/compound/name/D-luciferin/record/SDF/?record_type=3d,PubChem: D-luciferin,Ball-and-stick,Extended,Verified · C11H8N2O3S2,Bioluminescence; convergent evolution across taxa.,92934,yes,pinned (1)
7,Natural Selection,Adaptation,Antifreeze protein,Protein,PDB,1WFA,https://files.rcsb.org/download/1WFA.pdb,RCSB 1WFA,Cartoon,Extended,High,Adaptation to extreme cold.,,,
7,Natural Selection,Adaptation,Lysozyme (ruminant/bird),Enzyme,PDB,1LZ1,https://files.rcsb.org/download/1LZ1.pdb,RCSB 1LZ1,Cartoon,Extended,High,Convergent evolution of foregut fermentation.,,,
8,Ecology,Biogeochemical cycles,Carbon dioxide,Inorganic,PubChem,carbon dioxide,https://pubchem.ncbi.nlm.nih.gov/rest/pug/compound/name/carbon%20dioxide/record/SDF/?record_type=3d,PubChem: carbon dioxide,Ball-and-stick,Core,Verified · CO2,Carbon cycle hub; greenhouse gas.,280,yes,pinned (achiral)
8,Ecology,Biogeochemical cycles,Methane,Inorganic,PubChem,methane,https://pubchem.ncbi.nlm.nih.gov/rest/pug/compound/name/methane/record/SDF/?record_type=3d,PubChem: methane,Ball-and-stick,Core,Verified · CH4,"Potent greenhouse gas; methanogens, livestock, permafrost.",297,yes,pinned (achiral)
8,Ecology,Biogeochemical cycles,Nitrogen (N2),Inorganic,PubChem,nitrogen,https://pubchem.ncbi.nlm.nih.gov/rest/pug/compound/name/nitrogen/record/SDF/?record_type=3d,PubChem: nitrogen,Ball-and-stick,Core,Verified · N2,78% of the atmosphere but biologically inert.,947,yes,pinned (achiral)
8,Ecology,Biogeochemical cycles,Ammonia,Inorganic,PubChem,ammonia,https://pubchem.ncbi.nlm.nih.gov/rest/pug/compound/name/ammonia/record/SDF/?record_type=3d,PubChem: ammonia,Ball-and-stick,Core,Verified · H3N,Nitrogen fixation product.,222,yes,pinned (achiral)
8,Ecology,Biogeochemical cycles,Ammonium,Inorganic,PubChem,ammonium,https://pubchem.ncbi.nlm.nih.gov/rest/pug/compound/name/ammonium/record/SDF/?record_type=3d,PubChem: ammonium,Ball-and-stick,Standard,Verified · H4N+,Plant-available nitrogen.,223,yes,pinned (achiral)
8,Ecology,Biogeochemical cycles,Nitrite,Inorganic,PubChem,nitrite,https://pubchem.ncbi.nlm.nih.gov/rest/pug/compound/name/nitrite/record/SDF/?record_type=3d,PubChem: nitrite,Ball-and-stick,Standard,Verified · NO2-,Nitrification intermediate.,946,yes,pinned (achiral)
8,Ecology,Biogeochemical cycles,Nitrate,Inorganic,PubChem,nitrate,https://pubchem.ncbi.nlm.nih.gov/rest/pug/compound/name/nitrate/record/SDF/?record_type=3d,PubChem: nitrate,Ball-and-stick,Core,Verified · NO3-,Main plant nitrogen source; runoff and eutrophication.,943,yes,pinned (achiral)
8,Ecology,Biogeochemical cycles,Nitrous oxide,Inorganic,PubChem,nitrous oxide,https://pubchem.ncbi.nlm.nih.gov/rest/pug/compound/name/nitrous%20oxide/record/SDF/?record_type=3d,PubChem: nitrous oxide,Ball-and-stick,Standard,Verified · N2O,Denitrification product; greenhouse gas.,948,yes,pinned (achiral)
8,Ecology,Biogeochemical cycles,Nitrogenase FeMo-cofactor,Enzyme,PDB,1N2C,https://files.rcsb.org/download/1N2C.pdb,RCSB 1N2C,Surface/Complex,Standard,High,Breaks the N2 triple bond; huge ATP cost.,,,
8,Ecology,Biogeochemical cycles,Phosphate,Inorganic,PubChem,phosphate,https://pubchem.ncbi.nlm.nih.gov/rest/pug/compound/name/phosphate/record/SDF/?record_type=3d,PubChem: phosphate,Ball-and-stick,Core,Verified · O4P-3,Limiting nutrient; fertilizer runoff.,1061,yes,pinned (achiral)
8,Ecology,Biogeochemical cycles,Sulfate,Inorganic,PubChem,sulfate,https://pubchem.ncbi.nlm.nih.gov/rest/pug/compound/name/sulfate/record/SDF/?record_type=3d,PubChem: sulfate,Ball-and-stick,Extended,Verified · O4S-2,Sulfur cycle; acid rain.,1117,yes,pinned (achiral)
8,Ecology,Biogeochemical cycles,Water,Inorganic,PubChem,water,https://pubchem.ncbi.nlm.nih.gov/rest/pug/compound/name/water/record/SDF/?record_type=3d,PubChem: water,Ball-and-stick,Core,Verified · H2O,Water cycle; reuse the Unit 1 model.,962,yes,pinned (achiral)
8,Ecology,Ocean chemistry,Carbonic acid,Inorganic,PubChem,carbonic acid,https://pubchem.ncbi.nlm.nih.gov/rest/pug/compound/name/carbonic%20acid/record/SDF/?record_type=3d,PubChem: carbonic acid,Ball-and-stick,Core,Verified · CH2O3,CO2 + H2O. Start of the ocean acidification chain.,767,yes,pinned (achiral)
8,Ecology,Ocean chemistry,Bicarbonate,Inorganic,PubChem,bicarbonate,https://pubchem.ncbi.nlm.nih.gov/rest/pug/compound/name/bicarbonate/record/SDF/?record_type=3d,PubChem: bicarbonate,Ball-and-stick,Core,Verified · CHO3-,Buffer system; blood and ocean.,769,yes,pinned (achiral)
8,Ecology,Ocean chemistry,Carbonate,Inorganic,PubChem,carbonate,https://pubchem.ncbi.nlm.nih.gov/rest/pug/compound/name/carbonate/record/SDF/?record_type=3d,PubChem: carbonate,Ball-and-stick,Standard,Verified · CO3-2,Depleted by acidification - shell building suffers.,19660,yes,pinned (achiral)
8,Ecology,Ocean chemistry,Calcium carbonate,Inorganic,PubChem,calcium carbonate,https://pubchem.ncbi.nlm.nih.gov/rest/pug/compound/name/calcium%20carbonate/record/SDF/?record_type=3d,PubChem: calcium carbonate,Ball-and-stick,Core,Verified (no 3D) · CCaO3,Coral and shell mineral; dissolves as pH drops.,10112,no,pinned (achiral)
8,Ecology,Nitrogenous waste,Ammonia (excretion),Metabolite,PubChem,ammonia,https://pubchem.ncbi.nlm.nih.gov/rest/pug/compound/name/ammonia/record/SDF/?record_type=3d,PubChem: ammonia,Ball-and-stick,Standard,Verified · H3N,"Fish: toxic, needs lots of water.",222,yes,pinned (achiral)
8,Ecology,Nitrogenous waste,Urea,Metabolite,PubChem,urea,https://pubchem.ncbi.nlm.nih.gov/rest/pug/compound/name/urea/record/SDF/?record_type=3d,PubChem: urea,Ball-and-stick,Standard,Verified · CH4N2O,Mammals: moderate water cost.,1176,yes,pinned (achiral)
8,Ecology,Nitrogenous waste,Uric acid,Metabolite,PubChem,uric acid,https://pubchem.ncbi.nlm.nih.gov/rest/pug/compound/name/uric%20acid/record/SDF/?record_type=3d,PubChem: uric acid,Ball-and-stick,Standard,Verified · C5H4N4O3,Birds/reptiles: water conserving. Compare all three.,1175,yes,pinned (achiral)
8,Ecology,Pollutants,DDT,Pollutant,PubChem,DDT,https://pubchem.ncbi.nlm.nih.gov/rest/pug/compound/name/DDT/record/SDF/?record_type=3d,PubChem: DDT,Ball-and-stick,Core,Verified · C14H9Cl5,Biomagnification classic; lipid-soluble and persistent.,3036,yes,pinned (achiral)
8,Ecology,Pollutants,PCB 153,Pollutant,PubChem,"2,2',4,4',5,5'-hexachlorobiphenyl",https://pubchem.ncbi.nlm.nih.gov/rest/pug/compound/name/2%2C2%27%2C4%2C4%27%2C5%2C5%27-hexachlorobiphenyl/record/SDF/?record_type=3d,"PubChem: 2,2',4,4',5,5'-hexachlorobiphenyl",Ball-and-stick,Extended,Verified · C12H4Cl6,Persistent organic pollutant.,37034,yes,pinned (achiral)
8,Ecology,Pollutants,Methylmercury,Pollutant,PubChem,methylmercury,https://pubchem.ncbi.nlm.nih.gov/rest/pug/compound/name/methylmercury/record/SDF/?record_type=3d,PubChem: methylmercury,Ball-and-stick,Standard,Verified (no 3D) · CH3Hg,Trophic accumulation in fish.,7906,no,pinned (achiral)
8,Ecology,Pollutants,CFC-12,Pollutant,PubChem,dichlorodifluoromethane,https://pubchem.ncbi.nlm.nih.gov/rest/pug/compound/name/dichlorodifluoromethane/record/SDF/?record_type=3d,PubChem: dichlorodifluoromethane,Ball-and-stick,Standard,Verified · CCl2F2,Ozone depletion; Montreal Protocol success story.,6391,yes,pinned (achiral)
8,Ecology,Pollutants,Ozone,Inorganic,PubChem,ozone,https://pubchem.ncbi.nlm.nih.gov/rest/pug/compound/name/ozone/record/SDF/?record_type=3d,PubChem: ozone,Ball-and-stick,Standard,Verified · O3,Stratospheric shield; compare with O2.,24823,yes,pinned (achiral)
8,Ecology,Energy flow,Glucose,Carbohydrate,PubChem,D-glucose,https://pubchem.ncbi.nlm.nih.gov/rest/pug/compound/name/D-glucose/record/SDF/?record_type=3d,PubChem: D-glucose,Ball-and-stick,Core,Verified · C6H12O6,Primary productivity currency; ties Unit 3 to Unit 8.,5793,yes,1 UNDEFINED
8,Ecology,Energy flow,Chlorophyll a,Pigment,PubChem,chlorophyll a,https://pubchem.ncbi.nlm.nih.gov/rest/pug/compound/name/chlorophyll%20a/record/SDF/?record_type=3d,PubChem: chlorophyll a,Ball-and-stick,Core,Verified (no 3D) · C55H72MgN4O5,Entry point of energy into the biosphere.,12085802,no,pinned (5)
8,Ecology,Energy flow,Cellulose microfibril,Carbohydrate,Model,"Parallel beta-1,4 chains",-- build in app --,-- build in app --,Built in-app,Standard,n/a,Most abundant biomass; decomposition bottleneck.,,,
